type,url,lastmod
blog-categories,https://www.cavalier.in/blog,2026-04-18
blog-categories,https://www.cavalier.in/blog/categories/afcat-insights,2025-09-15
blog-categories,https://www.cavalier.in/blog/categories/capf-ac,2025-09-21
blog-categories,https://www.cavalier.in/blog/categories/cds-exam-prep,2026-04-15
blog-categories,https://www.cavalier.in/blog/categories/defence-exam-strategies,2025-09-15
blog-categories,https://www.cavalier.in/blog/categories/defence-news,2026-04-24
blog-categories,https://www.cavalier.in/blog/categories/nda-preparation,2026-04-10
blog-categories,https://www.cavalier.in/blog/categories/ssb-interview,2026-01-24
blog-categories,https://www.cavalier.in/blog/categories/ssb-interview-prep,2026-01-24
blog-posts,https://www.cavalier.in/post/10-inspiring-nda-alumni-who-became-legends-in-indian-defence,2026-03-26
blog-posts,https://www.cavalier.in/post/10-mind-blowing-facts-about-upsc-nda-exam-every-aspirant-must-know,2026-03-25
blog-posts,https://www.cavalier.in/post/10-nda-myths-busted-what-students-often-get-wrong,2026-03-26
blog-posts,https://www.cavalier.in/post/10-reasons-of-getting-screen-out-in-ssb-interview,2024-08-03
blog-posts,https://www.cavalier.in/post/30-days-to-nda-success-how-a-crash-course-can-help-you-win,2025-03-11
blog-posts,https://www.cavalier.in/post/a-career-in-defence-coaching-at-cavalier,2025-09-15
blog-posts,https://www.cavalier.in/post/achieving-success-in-nda-exam-emphasize-understanding-not-just-memorizing,2026-03-26
blog-posts,https://www.cavalier.in/post/afcat-1-2025-notification-and-exam-date-a-complete-guide-for-aspirants-1,2026-03-25
blog-posts,https://www.cavalier.in/post/after-12th-confused-about-career-join-nda-coaching-and-choose-the-defence-way,2026-03-26
blog-posts,https://www.cavalier.in/post/best-cds-coaching-in-delhi-what-to-look-before-joining,2026-03-19
blog-posts,https://www.cavalier.in/post/best-coaching-for-afcat-exam-why-cavalier-is-the-best-choice,2026-03-25
blog-posts,https://www.cavalier.in/post/best-coaching-for-ssb-interview-why-cavalier-delhi-leads-the-way,2026-03-26
blog-posts,https://www.cavalier.in/post/best-nda-coaching-in-agra-why-choose-cavalier-delhi,2026-03-25
blog-posts,https://www.cavalier.in/post/best-nda-coaching-in-lucknow-why-choose-cavalier-delhi,2025-03-08
blog-posts,https://www.cavalier.in/post/best-nda-coaching-in-patna-why-choose-cavalier-delhi-since-2001,2025-02-25
blog-posts,https://www.cavalier.in/post/best-nda-coaching-in-rohtak-why-choose-cavalier-delhi,2026-03-26
blog-posts,https://www.cavalier.in/post/boards-done-get-nda-ready-in-30-days-with-cavalier-delhi-since-2001-crash-course,2026-03-25
blog-posts,https://www.cavalier.in/post/busting-common-myths-about-ssb-interviews-with-cavalier-delhi,2026-03-26
blog-posts,https://www.cavalier.in/post/can-you-crack-an-nda-written-exam-in-45-days-realistic-guide-for-serious-aspirants,2026-03-26
blog-posts,https://www.cavalier.in/post/can-you-crack-nda-written-exam-in-2-months-realistic-plan,2026-03-26
blog-posts,https://www.cavalier.in/post/capf-notification-2025-full-details-eligibility-exam-dates-and-more,2026-03-26
blog-posts,https://www.cavalier.in/post/cavalier-delhi-your-gateway-to-cracking-the-tes-entry-ssb-interview,2026-03-26
blog-posts,https://www.cavalier.in/post/cds-2-2024-answer-key,2024-09-01
blog-posts,https://www.cavalier.in/post/cds-exam-preparation-your-ultimate-guide-to-success,2024-12-23
blog-posts,https://www.cavalier.in/post/cds-i-2026-paper-analysis-and-expected-cutoff-ota,2026-04-15
blog-posts,https://www.cavalier.in/post/class-12-students-alert-indian-navy-b-tech-entry-now-open,2026-03-26
blog-posts,https://www.cavalier.in/post/common-medical-reasons-for-capf-ac-rejection-and-how-to-avoid-them,2025-09-21
blog-posts,https://www.cavalier.in/post/common-mistakes-to-avoid-while-filling-nda-form-save-your-attempt,2026-03-25
blog-posts,https://www.cavalier.in/post/cracking-the-ssb-interview-essential-tips-for-success,2024-09-30
blog-posts,https://www.cavalier.in/post/do-you-really-need-coaching-for-ssb-interview-here-s-how-it-can-make-all-the-difference,2026-03-25
blog-posts,https://www.cavalier.in/post/dress-code-first-impression-tips-for-ssb-interview-what-officers-notice,2026-03-26
blog-posts,https://www.cavalier.in/post/essential-documents-checklist-and-preparation-tips-for-ssb-interview,2026-03-26
blog-posts,https://www.cavalier.in/post/essential-exam-day-instructions-for-nda-cds-aspirants,2026-03-26
blog-posts,https://www.cavalier.in/post/five-key-global-events-from-july-2024-a-month-of-pivotal-changes,2024-09-26
blog-posts,https://www.cavalier.in/post/from-afcat-to-afsb-a-step-by-step-success-plan,2026-03-25
blog-posts,https://www.cavalier.in/post/girls-in-nda-how-coaching-institutes-like-cavalier-are-empowering-female-aspirants,2026-03-25
blog-posts,https://www.cavalier.in/post/group-planning-exercise-strategies-for-success,2024-10-10
blog-posts,https://www.cavalier.in/post/historic-first-women-cadets-graduate-from-nda-meet-india-s-trailblazing-defence-officers,2026-03-25
blog-posts,https://www.cavalier.in/post/how-many-attempts-for-nda-after-12th-know-your-chances-and-plan-smartly,2026-03-26
blog-posts,https://www.cavalier.in/post/how-to-apply-for-afsb-after-clearing-afcat-step-by-step-guide-to-air-force-selection-board-proce,2026-03-25
blog-posts,https://www.cavalier.in/post/how-to-apply-for-army-ssc-technical-entry-form-online-a-step-by-step-guide,2026-03-26
blog-posts,https://www.cavalier.in/post/how-to-apply-for-indian-army-tes-10-2-54-course-step-by-step-guide-for-defence-aspirants,2026-03-26
blog-posts,https://www.cavalier.in/post/how-to-apply-for-indian-navy-10-2-b-tech-cadet-entry-scheme-jan-2026-batch,2026-03-25
blog-posts,https://www.cavalier.in/post/how-to-approach-the-conference-round-in-ssb,2024-10-11
blog-posts,https://www.cavalier.in/post/how-to-check-cds-1-2025-results-step-by-step-guide,2026-03-26
blog-posts,https://www.cavalier.in/post/how-to-check-nda-1-2025-results-step-by-step-guide-for-aspirants,2026-03-26
blog-posts,https://www.cavalier.in/post/how-to-choose-the-right-ssb-coaching-after-nda-result,2026-03-26
blog-posts,https://www.cavalier.in/post/how-to-choose-your-ssb-interview-centre-priority-tips-for-freshers,2026-03-26
blog-posts,https://www.cavalier.in/post/how-to-correct-errors-in-your-nda-cds-application-complete-guide,2026-03-26
blog-posts,https://www.cavalier.in/post/how-to-crack-the-acc-ssb-interview-key-insights-and-preparation-tips,2024-11-18
blog-posts,https://www.cavalier.in/post/how-to-download-nda-cds-admit-card-step-by-step-guide,2026-03-25
blog-posts,https://www.cavalier.in/post/how-to-excel-in-the-group-testing-officer-gto-tasks-a-comprehensive-guide,2024-08-17
blog-posts,https://www.cavalier.in/post/how-to-fill-afcat-form-step-by-step-guide-1,2026-03-26
blog-posts,https://www.cavalier.in/post/how-to-fill-capf-exam-form-step-by-step-guide-2025,2026-03-25
blog-posts,https://www.cavalier.in/post/how-to-fill-the-form-for-agniveer-x-y-group-a-complete-guide,2026-03-26
blog-posts,https://www.cavalier.in/post/how-to-fill-the-ncc-special-entry-scheme-application-form-step-by-step-guide,2026-03-26
blog-posts,https://www.cavalier.in/post/how-to-fill-the-nda-application-form-online-a-step-by-step-guide,2026-03-26
blog-posts,https://www.cavalier.in/post/how-to-prepare-for-cds-exam-along-with-college-studies,2026-03-25
blog-posts,https://www.cavalier.in/post/how-to-prepare-for-nda-in-2-months-expert-coaching-that-works,2026-03-26
blog-posts,https://www.cavalier.in/post/how-to-prepare-for-the-nda-exam-alongside-class-12-board-exams,2025-02-26
blog-posts,https://www.cavalier.in/post/how-to-register-for-nda-ssb-a-complete-step-by-step-guide,2026-03-26
blog-posts,https://www.cavalier.in/post/how-to-register-for-the-ssb-interview-after-clearing-the-cds-written-exam-step-by-step-guide,2026-03-26
blog-posts,https://www.cavalier.in/post/how-to-score-250-in-nda-maths-chapter-wise-strategy-30-day-plan,2026-02-26
blog-posts,https://www.cavalier.in/post/how-to-score-500-in-nda-exam-toppers-tips,2026-03-26
blog-posts,https://www.cavalier.in/post/india-s-major-defence-deals-exercises-in-2025-nda-aspirants-must-know,2026-03-26
blog-posts,https://www.cavalier.in/post/india-suspends-indus-water-treaty-after-pahalgam-terror-attack,2026-03-25
blog-posts,https://www.cavalier.in/post/indigenous-growth-in-indian-defence-sector,2024-08-01
blog-posts,https://www.cavalier.in/post/last-minute-nda-preparation-quick-tips-to-boost-your-score,2026-03-26
blog-posts,https://www.cavalier.in/post/life-at-nda-a-journey-of-grit-and-glory,2026-03-26
blog-posts,https://www.cavalier.in/post/life-at-nda-what-happens-after-selection,2026-03-26
blog-posts,https://www.cavalier.in/post/life-at-nda-what-to-expect-after-you-clear-the-exam,2026-03-26
blog-posts,https://www.cavalier.in/post/made-a-mistake-in-nda-or-cds-form-here-s-how-to-use-the-upsc-correction-window,2026-03-25
blog-posts,https://www.cavalier.in/post/mock-tests-practice-papers-the-key-to-nda-exam-success,2026-03-26
blog-posts,https://www.cavalier.in/post/ncc-special-entry-scheme-58th-course-october-2025-your-gateway-to-the-indian-army,2026-03-25
blog-posts,https://www.cavalier.in/post/nda-2-2024-answer-key,2024-09-01
blog-posts,https://www.cavalier.in/post/nda-2-2026-eligibility-age-limit-attempts-height-criteria,2026-04-20
blog-posts,https://www.cavalier.in/post/nda-2-eligibility-age-limit-attempts-height-criteria,2026-04-20
blog-posts,https://www.cavalier.in/post/nda-2025-calendar-form-exam-ssb-dates,2026-03-26
blog-posts,https://www.cavalier.in/post/nda-battalion-the-backbone-of-india-s-armed-forces,2026-03-26
blog-posts,https://www.cavalier.in/post/nda-cadets-the-future-warriors-of-india,2026-03-26
blog-posts,https://www.cavalier.in/post/nda-coaching-in-summer-a-smart-move-towards-your-defence-career,2026-03-26
blog-posts,https://www.cavalier.in/post/nda-coaching-with-hostel-facility-a-home-away-from-home-for-aspirants,2026-03-25
blog-posts,https://www.cavalier.in/post/nda-crash-course-can-you-really-crack-nda-in-just-30-days,2026-03-26
blog-posts,https://www.cavalier.in/post/nda-exam-2025-answer-key-detailed-analysis-live-on-13th-april,2026-03-25
blog-posts,https://www.cavalier.in/post/nda-exam-date-2026-eligibility-syllabus-preparation-guide,2026-04-20
blog-posts,https://www.cavalier.in/post/nda-ii-2025-notification-out-everything-you-need-to-know,2026-03-25
blog-posts,https://www.cavalier.in/post/nda-selection-process-explained-from-written-exam-to-final-merit-list,2026-03-26
blog-posts,https://www.cavalier.in/post/nda-selection-process-step-by-step-complete-guide,2026-02-17
blog-posts,https://www.cavalier.in/post/next-step-after-afcat-your-ultimate-guide-to-afsb-interview-preparation,2026-03-26
blog-posts,https://www.cavalier.in/post/physical-requirements-for-nda-height-weight-medical-fitness,2026-04-10
blog-posts,https://www.cavalier.in/post/preparing-for-the-personal-interview-in-ssb-a-comprehensive-guide,2024-08-18
blog-posts,https://www.cavalier.in/post/progressive-group-task-pgt-in-ssb,2026-01-24
blog-posts,https://www.cavalier.in/post/role-of-confidence-communication-skills-in-cds-ssb-interview,2025-02-17
blog-posts,https://www.cavalier.in/post/smart-revision-techniques-for-nda-written-exam-gat-math-s,2026-03-25
blog-posts,https://www.cavalier.in/post/ssb-coaching-in-delhi-why-candidates-fail,2026-03-24
blog-posts,https://www.cavalier.in/post/ssb-conference-day-everything-to-know,2024-08-03
blog-posts,https://www.cavalier.in/post/ssb-interview-coaching-in-agra-your-best-bet-is-cavalier-in-delhi,2026-02-16
blog-posts,https://www.cavalier.in/post/ssb-interview-coaching-in-ghaziabad-why-cavalier-delhi-is-your-best-bet,2026-03-25
blog-posts,https://www.cavalier.in/post/ssb-interview-coaching-that-actually-works-your-complete-guide-to-getting-recommended,2026-03-26
blog-posts,https://www.cavalier.in/post/ssb-interview-process-2026-complete-5-days-selection-explained,2025-09-27
blog-posts,https://www.cavalier.in/post/ssb-interview-secrets-how-to-impress-your-interviewers-like-a-pro,2026-03-26
blog-posts,https://www.cavalier.in/post/tes-10-2-entry-a-golden-opportunity-for-young-aspirants-to-join-the-indian-army,2026-03-26
blog-posts,https://www.cavalier.in/post/the-importance-of-communication-skills-in-the-ssb-interview,2024-08-23
blog-posts,https://www.cavalier.in/post/the-role-of-coaching-institutes-in-nda-written-exam-success,2026-03-26
blog-posts,https://www.cavalier.in/post/the-role-of-group-discussion-in-the-ssb-interview-success-tips,2024-11-25
blog-posts,https://www.cavalier.in/post/the-role-of-mock-tests-in-nda-preparation-why-you-shouldn-t-skip-them,2026-03-26
blog-posts,https://www.cavalier.in/post/the-ssb-interview-process-a-comprehensive-guide,2024-08-14
blog-posts,https://www.cavalier.in/post/the-ultimate-guide-key-factors-to-consider-when-selecting-an-nda-coaching-institute-in-india,2026-03-26
blog-posts,https://www.cavalier.in/post/tips-to-prepare-for-afcat-afsb-interview,2026-03-26
blog-posts,https://www.cavalier.in/post/top-10-tips-to-crack-the-ssb-interview-a-comprehensive-guide,2024-08-15
blog-posts,https://www.cavalier.in/post/top-5-reasons-why-a-1-month-nda-crash-course-can-change-your-preparation-game,2026-03-25
blog-posts,https://www.cavalier.in/post/top-mistakes-candidates-make-after-clearing-nda-written,2026-03-26
blog-posts,https://www.cavalier.in/post/top-mistakes-candidates-make-in-the-ssb-interview-and-how-to-avoid-them,2026-03-26
blog-posts,https://www.cavalier.in/post/top-reasons-to-join-nda-coaching-right-after-class-12-don-t-waste-a-year,2026-03-26
blog-posts,https://www.cavalier.in/post/understanding-the-psychological-tests-in-the-ssb-interview-a-complete-guide,2024-08-17
blog-posts,https://www.cavalier.in/post/understanding-the-technical-entry-scheme-tes-a-comprehensive-guide-for-10-2-student,2026-02-16
blog-posts,https://www.cavalier.in/post/what-are-gto-tasks-in-ssb-interview-complete-guide-for-aspirants,2025-06-06
blog-posts,https://www.cavalier.in/post/what-is-the-cds-exam-complete-guide-for-first-time-aspirants,2025-04-21
blog-posts,https://www.cavalier.in/post/what-to-do-after-submitting-the-nda-form-your-next-steps-toward-success,2026-03-25
blog-posts,https://www.cavalier.in/post/what-to-do-after-the-nda-exam-for-ssb,2024-09-17
blog-posts,https://www.cavalier.in/post/what-to-do-if-you-ve-cleared-nda-1-2025,2026-03-26
blog-posts,https://www.cavalier.in/post/what-to-study-in-gk-in-one-months-for-nda-ii-2024,2024-08-01
blog-posts,https://www.cavalier.in/post/when-should-i-start-nda-preparation-expert-guide-for-aspirants,2026-03-26
blog-posts,https://www.cavalier.in/post/why-a-structured-45-day-nda-coaching-program-works-better-than-self-study,2026-03-26
blog-posts,https://www.cavalier.in/post/why-age-limit-is-critical-for-aspiring-nda-candidates,2026-03-26
blog-posts,https://www.cavalier.in/post/why-cavalier-delhi-s-nda-crash-course-is-the-best-choice-for-nda-aspirants,2026-03-25
blog-posts,https://www.cavalier.in/post/why-choose-a-career-in-defence-after-12th-benefits-opportunities,2026-03-26
blog-posts,https://www.cavalier.in/post/why-choose-a-career-in-defence-after-12th-benefits-opportunities-1,2026-03-25
blog-posts,https://www.cavalier.in/post/why-choose-specialized-agniveer-x-y-group-coaching-for-your-air-force-dreams,2026-03-26
blog-posts,https://www.cavalier.in/post/why-current-affairs-gk-matter-in-nda-written-exam,2026-03-26
blog-posts,https://www.cavalier.in/post/why-nda-coaching-is-essential-for-cracking-the-nda-exam,2024-08-03
blog-posts,https://www.cavalier.in/post/why-nda-crash-course-is-essential-for-class-12-appearing-students,2025-07-29
blog-posts,https://www.cavalier.in/post/why-nda-is-the-best-career-option-after-12th-defence-aspirants-must-read,2026-03-26
blog-posts,https://www.cavalier.in/post/why-offline-ssb-coaching-matters-a-pathway-to-success,2024-08-19
blog-posts,https://www.cavalier.in/post/why-ssb-interview-coaching-is-essential-for-every-defence-aspirant,2026-03-25
blog-posts,https://www.cavalier.in/post/word-association-test-wat-in-ssb-interview-a-complete-guide-to-success,2025-09-15
blog-posts,https://www.cavalier.in/post/your-ultimate-guide-to-nda-online-form-registration-tips-dates-and-mistakes-to-avoid,2026-03-26
pages,https://www.cavalier.in,2026-04-23
pages,https://www.cavalier.in/about-us,2026-04-23
pages,https://www.cavalier.in/afcat-coaching,2026-04-23
pages,https://www.cavalier.in/age-calculator,2026-04-23
pages,https://www.cavalier.in/best-acc-coaching,2026-04-23
pages,https://www.cavalier.in/best-cds-coaching,2026-04-23
pages,https://www.cavalier.in/best-nda-coaching,2026-04-23
pages,https://www.cavalier.in/blog,2026-04-23
pages,https://www.cavalier.in/capf-coaching,2026-04-23
pages,https://www.cavalier.in/cds-capf-current-affair,2026-04-23
pages,https://www.cavalier.in/cds-capf-weekly-current-affairs,2026-04-23
pages,https://www.cavalier.in/cds-pyq-answer-key,2026-04-23
pages,https://www.cavalier.in/coast-guard-ac-coaching,2026-04-23
pages,https://www.cavalier.in/command-task,2026-04-23
pages,https://www.cavalier.in/contact-us,2026-04-23
pages,https://www.cavalier.in/exam-notifications,2026-04-23
pages,https://www.cavalier.in/faq,2026-04-23
pages,https://www.cavalier.in/final-group-task,2026-04-23
pages,https://www.cavalier.in/free-resources,2026-04-23
pages,https://www.cavalier.in/gallery,2026-04-23
pages,https://www.cavalier.in/group-discussion-ssb,2026-04-23
pages,https://www.cavalier.in/group-planning-exercise-gpe-ssb,2026-04-23
pages,https://www.cavalier.in/group-testing-officers-gto,2026-04-23
pages,https://www.cavalier.in/gto-series,2026-04-23
pages,https://www.cavalier.in/half-group-task-hgt,2026-04-23
pages,https://www.cavalier.in/importance-of-offline-ssb-interview-coaching,2026-04-23
pages,https://www.cavalier.in/indian-army-salary-and-pay-scale-structure,2026-04-23
pages,https://www.cavalier.in/individual-obstacles,2026-04-23
pages,https://www.cavalier.in/lecturette,2026-04-23
pages,https://www.cavalier.in/legal-disclaimer,2026-04-23
pages,https://www.cavalier.in/nda-cds-medical-standards,2026-04-23
pages,https://www.cavalier.in/nda-current-affairs,2026-04-23
pages,https://www.cavalier.in/nda-for-girls,2026-04-23
pages,https://www.cavalier.in/nda-foundation-course-after-10th,2026-04-23
pages,https://www.cavalier.in/nda-pyq-answer-key,2026-04-23
pages,https://www.cavalier.in/new-page,2026-04-23
pages,https://www.cavalier.in/pi-in-ssb,2026-04-23
pages,https://www.cavalier.in/ppdt,2026-04-23
pages,https://www.cavalier.in/privacy-policy,2026-04-23
pages,https://www.cavalier.in/progressive-group-task-pgt-ssb,2026-04-23
pages,https://www.cavalier.in/psychological-test,2026-04-23
pages,https://www.cavalier.in/refund-policy,2026-04-23
pages,https://www.cavalier.in/sainik-military-school,2026-04-23
pages,https://www.cavalier.in/screening-test,2026-04-23
pages,https://www.cavalier.in/self-discription-sd,2026-04-23
pages,https://www.cavalier.in/situation-reaction-test-srt,2026-04-23
pages,https://www.cavalier.in/snake-race-in-ssb,2026-04-23
pages,https://www.cavalier.in/ssb-interview-coaching,2026-04-23
pages,https://www.cavalier.in/ssb-interview-tips,2026-04-23
pages,https://www.cavalier.in/ssb-outdoor-training-images,2026-04-23
pages,https://www.cavalier.in/student-testimonials,2026-04-23
pages,https://www.cavalier.in/success-stories,2026-04-23
pages,https://www.cavalier.in/terms-conditions,2026-04-23
pages,https://www.cavalier.in/territorial-army,2026-04-23
pages,https://www.cavalier.in/tes-ssb-coaching,2026-04-23
pages,https://www.cavalier.in/the-cavalier-classroom,2026-04-23
pages,https://www.cavalier.in/the-cavalier-outdoors,2026-04-23
pages,https://www.cavalier.in/thematic-apperception-test,2026-04-23
pages,https://www.cavalier.in/upcoming-courses-cavalier-delhi,2026-04-23
pages,https://www.cavalier.in/wat-examples-for-ssb-interviews,2026-04-23
